id,label
6wtt,10.6474
2ZU4_compid_ZU3,10.1157
2ZU5_compid_ZU5,8.7224
6m0k,10.0857
6lze,9.9194
2Z94_compid_TLD,7.9808
2gx4,9.9194
2GZ7_compid_D3F,8.8928
2GZ8_compid_F3F,7.5295
6wtk,9.2241
6wtj,9.6644
6lny,9.6017
6y2g,8.2425
6m2n,8.2166
2V6N_compid_MES,7.9889
5n19,7.7844
2amd,7.0537
1wof,6.777
2ALV_compid_CY6,5.6645
2QIQ_compid_CYV,5.5854
narlaprevir,7.1505
review-com12_6c,8.5902
CHEMBL50,6.2998
CHEMBL1929017,7.1505
7brp,7.3346
CHEMBL2311733,5.9304
CHEMBL3402617,5.6795
review-com8-2s,7.55
review-com11_5b,7.8662
CHEMBL2442075,6.3393
CHEMBL380403,6.7102
CHEMBL538957,5.8704
CHEMBL2402683,8.2793
CHEMBL2402681,7.9194
CHEMBL208908,6.0599
6lo0,8.2889
review-com11_5p,9.4354
CHEMBL551569,5.37
CHEMBL2402499,7.1301
review-com46_45,5.1219
review3-com13-7,5.0428
6y2g_13a,7.6604
CHEMBL213543,8.4306
review-com12_6b,8.3911
CHEMBL2311730,6.8206
review-com13_11u,8.038
6lnq-12b,9.1805
CHEMBL557699,5.1805
review-com13_11t,7.9644
review-com8-2t,7.9399
CHEMBL2402500,6.3203
CHEMBL2402502,7.9003
review3-com145_17,6.2044
CHEMBL4130313,7.0496
review-com8-2i,11.434
review-com8-2r,7.4559
CHEMBL2402676,7.0005
CHEMBL397154,6.8206
CHEMBL3402615,5.2801
CHEMBL2311700,6.0094
review-com11_5o,8.312
CHEMBL2402678,8.3897
CHEMBL2311729,5.6195
review-com11_5h,11.1804
CHEMBL2402677,8.4007
review-com8-2m,8.3502
CHEMBL2442077,7.0401
review-com11_5j,10.2561
review-com9_10-25f,6.1867
review-com11_5l,7.0537
CHEMBL2402501,8.6406
CHEMBL235873,6.5806
review3-com55-3,4.1894
CHEMBL3402616,5.2801
CHEMBL1230135,6.8806
review-com11_5n,10.4402
CHEMBL212080,9.8703
CHEMBL2402680,8.5206
review-com13_11s,9.025
CHEMBL2442082,7.1001
CHEMBL378188,5.58
review-com8-2k,10.7074
CHEMBL551181,4.4103
CHEMBL555220,6.0899
review-com8-2o,8.4347
review-com11_5k,10.3406
PSI,6.7906
review3-com5,6.6611
CHEMBL4299306,9.1995
review-com54_30,6.2984
CHEMBL2316337,7.28
CHEMBL2442076,7.34
CHEMBL539208,4.6898
CHEMBL2311726,5.9004
CHEMBL1929018,8.7401
review-com13_11n,8.8355
review-com13_11q,7.0932
review-com8-2u,6.9869
CHEMBL477164,9.13
CHEMBL2402684,7.49
CHEMBL1405735,7.7095
review-com11_5e,9.265
review3-com61_5b,6.4061
CHEMBL1929021,6.8206
CHEMBL151,6.4102
CHEMBL406516,6.8206
review-com13_11p,6.777
CHEMBL2311705,5.8595
review-com9_10-26k,8.2834
CHEMBL2311709,7.1205
CHEMBL2402507,7.49
CHEMBL553172,5.2801
6lnq-12a,8.4007
PMC2597651_4,8.5806
PMC2597651_3,8.7497
CHEMBL2401746,8.4702
review-com13_11o,6.9133
review-com8-2p,11.6194
CHEMBL549695,8.4797
6y2g_11r,9.1995
CHEMBL2442079,6.9706
review3-com4,6.0108
CHEMBL2402508,8.6897
CHEMBL3402619,5.7899
review-com8-2n,10.8505
CHEMBL2442074,6.8697
CalpainXII,8.6501
CHEMBL537916,4.8097
review-com8-2l,7.7994
review-com11_5c,9.798
review-com11_5r,8.4075
review-com11_5g,8.8355
CHEMBL2311731,7.1696
CHEMBL1929022,8.8206
CHEMBL2402682,6.9201
CHEMBL12798,5.0197
review3-com145_16r,7.9399
review-com11_5a,7.5922
calpeptin,6.7797
CHEMBL63354,6.6202
review-com8-2j,10.4402
CHEMBL1929015,5.7395
MG-132,7.37
CHEMBL2402685,8.7401
CHEMBL28,4.8397
review-com11_5d,9.7803
review3-com13-3,5.5854
review3-com61_5a,6.5766
CHEMBL2402686,8.8396
CHEMBL377324,6.1594
CHEMBL2316336,6.0094
CHEMBL1929020,8.9596
review-com11_5i,9.978
CHEMBL2442073,7.3904
review-com54_2,8.4825
CHEMBL2402503,7.8594
CHEMBL2311727,7.1996
CHEMBL555061,6.3802
CHEMBL2402504,6.1894
CHEMBL2402692,8.4306
CHEMBL277716,7.6999
review-com54_33,6.2984
MG-115,7.4995
